{"cameraMode":{"drawMode":0,"name":"Shaded","section":"Shading Mode"},"sceneLighting":true,"audioPlay":false,"sceneViewState":{"showFog":true,"showMaterialUpdate":false,"showSkybox":true,"showFlares":true,"showImageEffects":true,"showParticleSystems":true},"in2DMode":false,"pivot":{"x":-1.2958183288574219,"y":0.8014309406280518,"z":7.044429779052734},"rotation":{"x":-0.22519269585609437,"y":0.5945242047309876,"z":-0.1782621443271637,"w":-0.7510436773300171},"size":4.5700249671936039,"orthographic":false}