{"cameraMode":{"drawMode":0,"name":"Shaded","section":"Shading Mode"},"sceneLighting":true,"audioPlay":false,"sceneViewState":{"showFog":true,"showMaterialUpdate":false,"showSkybox":true,"showFlares":true,"showImageEffects":true,"showParticleSystems":true},"in2DMode":false,"pivot":{"x":-3.824970245361328,"y":-3.168734550476074,"z":8.386234283447266},"rotation":{"x":-0.29958468675613406,"y":0.2878711521625519,"z":-0.0953373983502388,"w":-0.904602587223053},"size":31.850021362304689,"orthographic":false}