{"cameraMode":{"drawMode":0,"name":"Shaded","section":"Shading Mode"},"sceneLighting":false,"audioPlay":false,"sceneViewState":{"showFog":true,"showMaterialUpdate":false,"showSkybox":false,"showFlares":true,"showImageEffects":true,"showParticleSystems":true},"in2DMode":false,"pivot":{"x":-2.438079833984375,"y":0.41999995708465578,"z":5.458564758300781},"rotation":{"x":-0.22519269585609437,"y":0.5945242047309876,"z":-0.1782621443271637,"w":-0.7510436773300171},"size":3.5437850952148439,"orthographic":false}